{"_default": {"3": {"name": "test_2", "x": 250.00003051757812, "y": 120.00001525878906, "z": 30.0, "r": 0.0}, "4": {"name": "Home", "x": 242.99998474121094, "y": 0.0, "z": 150.0, "r": 0.0}, "5": {"name": "Banana", "x": 250.00003051757812, "y": 120.00001525878906, "z": 29.999996185302734, "r": 0.0}}}